CABIN_TYPE_ID,SEQ,CAPTION,URL
1625608,1,,https://media.thomson.co.uk/asset/v01/349/348.jpg
1625608,2,,https://media.thomson.co.uk/asset/v01/349/344.jpg
1625608,3,,https://media.thomson.co.uk/asset/v01/349/342.jpg
1625608,4,,https://media.thomson.co.uk/asset/v01/349/338.jpg
1419541,1,,https://media.thomson.co.uk/asset/v01/349/336.jpg
1419514,1,,https://media.thomson.co.uk/asset/v01/349/350.jpg
1419547,1,,https://media.thomson.co.uk/asset/v01/349/332.jpg
1419547,2,,https://media.thomson.co.uk/asset/v01/283/726.jpg
1419550,1,,https://media.thomson.co.uk/asset/v01/349/336.jpg
1419553,1,,https://media.thomson.co.uk/asset/v01/283/726.jpg
1419559,1,,https://media.thomson.co.uk/asset/v01/349/346.jpg
1419538,1,,https://media.thomson.co.uk/asset/v01/349/330.jpg
1419508,1,,https://media.thomson.co.uk/asset/v01/349/352.jpg
1625617,1,,https://media.thomson.co.uk/asset/v01/349/376.jpg
1625617,2,,https://media.thomson.co.uk/asset/v01/349/378.jpg
1561324,1,,https://media.thomson.co.uk/asset/v01/349/376.jpg
1561324,2,,https://media.thomson.co.uk/asset/v01/349/378.jpg
1625620,1,,https://media.thomson.co.uk/asset/v01/349/372.jpg
1625620,2,,https://media.thomson.co.uk/asset/v01/349/374.jpg
1561327,1,,https://media.thomson.co.uk/asset/v01/349/372.jpg
1561327,2,,https://media.thomson.co.uk/asset/v01/349/374.jpg
1625611,1,,https://media.thomson.co.uk/asset/v01/349/358.jpg
1625611,2,,https://media.thomson.co.uk/asset/v01/349/364.jpg
1625611,3,,https://media.thomson.co.uk/asset/v01/349/360.jpg
1561318,1,,https://media.thomson.co.uk/asset/v01/349/358.jpg
1561318,2,,https://media.thomson.co.uk/asset/v01/349/364.jpg
1561318,3,,https://media.thomson.co.uk/asset/v01/349/360.jpg
1561312,1,,https://media.thomson.co.uk/asset/v01/349/366.jpg
1561312,2,,https://media.thomson.co.uk/asset/v01/348/066.jpg
1561312,3,,https://media.thomson.co.uk/asset/v01/349/362.jpg
1419517,1,,https://media.thomson.co.uk/asset/v01/349/336.jpg
1625614,1,,https://media.thomson.co.uk/asset/v01/320/402.jpg
1561321,1,,https://media.thomson.co.uk/asset/v01/320/402.jpg
1561315,1,,https://media.thomson.co.uk/asset/v01/208/892.jpg
1561315,2,,https://media.thomson.co.uk/asset/v01/208/888.jpg
1561315,3,,https://media.thomson.co.uk/asset/v01/208/884.jpg
1561315,4,,https://media.thomson.co.uk/asset/v01/208/876.jpg
1561315,5,,https://media.thomson.co.uk/asset/v01/208/880.jpg
1419511,1,,https://media.thomson.co.uk/asset/v01/283/726.jpg
1419511,2,,https://media.thomson.co.uk/asset/v01/283/728.jpg
1419535,1,,https://media.thomson.co.uk/asset/v01/283/742.jpg
78730,1,,https://media.thomson.co.uk/asset/v01/283/734.jpg
78730,2,,https://media.thomson.co.uk/asset/v01/288/010.jpg
78760,1,,https://media.thomson.co.uk/asset/v01/320/402.jpg
78754,1,,https://media.thomson.co.uk/asset/v01/232/054.jpg
78751,1,,https://media.thomson.co.uk/asset/v01/208/760.jpg
78739,1,,https://media.thomson.co.uk/asset/v01/217/924.jpg
78766,1,,https://media.thomson.co.uk/asset/v01/219/958.jpg
78766,2,,https://media.thomson.co.uk/asset/v01/283/278.jpg
78769,1,,https://media.thomson.co.uk/asset/v01/283/736.jpg
78769,2,,https://media.thomson.co.uk/asset/v01/283/732.jpg
78769,3,,https://media.thomson.co.uk/asset/v01/283/730.jpg
78763,1,,https://media.thomson.co.uk/asset/v01/283/752.jpg
78763,2,,https://media.thomson.co.uk/asset/v01/283/722.jpg
78763,3,,https://media.thomson.co.uk/asset/v01/283/724.jpg
78721,1,,https://media.thomson.co.uk/asset/v01/208/758.jpg
78757,1,,https://media.thomson.co.uk/asset/v01/208/856.jpg
78736,1,,https://media.thomson.co.uk/asset/v01/208/750.jpg
78745,1,,https://media.thomson.co.uk/asset/v01/208/748.jpg
78748,1,,https://media.thomson.co.uk/asset/v01/283/744.jpg
78724,1,,https://media.thomson.co.uk/asset/v01/283/742.jpg
78727,1,,https://media.thomson.co.uk/asset/v01/283/738.jpg
78742,1,,https://media.thomson.co.uk/asset/v01/283/728.jpg
78733,1,,https://media.thomson.co.uk/asset/v01/283/726.jpg
234811,1,,https://media.thomson.co.uk/asset/v01/232/054.jpg
234811,2,,https://media.thomson.co.uk/asset/v01/232/062.jpg
234814,1,,https://media.thomson.co.uk/asset/v01/219/964.jpg
234814,2,,https://media.thomson.co.uk/asset/v01/208/862.jpg
234814,3,,https://media.thomson.co.uk/asset/v01/208/860.jpg
234817,1,,https://media.thomson.co.uk/asset/v01/219/958.jpg
234820,1,,https://media.thomson.co.uk/asset/v01/208/866.jpg
1471780,1,,https://media.thomson.co.uk/asset/v01/349/366.jpg
1471780,2,,https://media.thomson.co.uk/asset/v01/348/066.jpg
1471780,3,,https://media.thomson.co.uk/asset/v01/349/362.jpg
1471783,1,,https://media.thomson.co.uk/asset/v01/349/348.jpg
1471783,2,,https://media.thomson.co.uk/asset/v01/349/344.jpg
1471783,3,,https://media.thomson.co.uk/asset/v01/349/342.jpg
1471783,4,,https://media.thomson.co.uk/asset/v01/349/338.jpg
1471786,1,,https://media.thomson.co.uk/asset/v01/349/358.jpg
1471786,2,,https://media.thomson.co.uk/asset/v01/349/364.jpg
1471786,3,,https://media.thomson.co.uk/asset/v01/349/360.jpg
1471789,1,,https://media.thomson.co.uk/asset/v01/349/334.jpg
1471789,2,,https://media.thomson.co.uk/asset/v01/349/340.jpg
1471798,1,,https://media.thomson.co.uk/asset/v01/349/376.jpg
1471798,2,,https://media.thomson.co.uk/asset/v01/349/378.jpg
1471810,1,,https://media.thomson.co.uk/asset/v01/349/372.jpg
1471810,2,,https://media.thomson.co.uk/asset/v01/349/374.jpg
234772,1,,https://media.thomson.co.uk/asset/v01/208/758.jpg
234775,1,,https://media.thomson.co.uk/asset/v01/208/754.jpg
234778,1,,https://media.thomson.co.uk/asset/v01/208/894.jpg
234778,2,,https://media.thomson.co.uk/asset/v01/219/962.jpg
234781,1,,https://media.thomson.co.uk/asset/v01/219/960.jpg
234784,1,,https://media.thomson.co.uk/asset/v01/208/762.jpg
234787,1,,https://media.thomson.co.uk/asset/v01/208/750.jpg
234790,1,,https://media.thomson.co.uk/asset/v01/217/924.jpg
234793,1,,https://media.thomson.co.uk/asset/v01/232/070.jpg
234796,1,,https://media.thomson.co.uk/asset/v01/208/748.jpg
234799,1,,https://media.thomson.co.uk/asset/v01/208/768.jpg
234802,1,,https://media.thomson.co.uk/asset/v01/208/760.jpg
234805,1,,https://media.thomson.co.uk/asset/v01/232/054.jpg
234808,1,,https://media.thomson.co.uk/asset/v01/208/856.jpg
1419580,1,,https://media.thomson.co.uk/asset/v01/349/352.jpg
1419583,1,,https://media.thomson.co.uk/asset/v01/283/726.jpg
1419583,2,,https://media.thomson.co.uk/asset/v01/349/332.jpg
1419586,1,,https://media.thomson.co.uk/asset/v01/349/350.jpg
1419589,1,,https://media.thomson.co.uk/asset/v01/349/336.jpg
1419607,1,,https://media.thomson.co.uk/asset/v01/283/742.jpg
1419610,1,,https://media.thomson.co.uk/asset/v01/349/330.jpg
1419613,1,,https://media.thomson.co.uk/asset/v01/349/336.jpg
1419619,1,,https://media.thomson.co.uk/asset/v01/283/726.jpg
1419619,2,,https://media.thomson.co.uk/asset/v01/349/332.jpg
1419622,1,,https://media.thomson.co.uk/asset/v01/349/336.jpg
1419625,1,,https://media.thomson.co.uk/asset/v01/283/726.jpg
1419631,1,,https://media.thomson.co.uk/asset/v01/349/346.jpg
1625641,1,,https://media.thomson.co.uk/asset/v01/349/366.jpg
1625641,2,,https://media.thomson.co.uk/asset/v01/348/066.jpg
1625641,3,,https://media.thomson.co.uk/asset/v01/349/362.jpg
1625644,1,,https://media.thomson.co.uk/asset/v01/349/348.jpg
1625644,2,,https://media.thomson.co.uk/asset/v01/349/344.jpg
1625644,3,,https://media.thomson.co.uk/asset/v01/349/342.jpg
1625644,4,,https://media.thomson.co.uk/asset/v01/349/338.jpg
1625647,1,,https://media.thomson.co.uk/asset/v01/349/358.jpg
1625647,2,,https://media.thomson.co.uk/asset/v01/349/364.jpg
1625647,3,,https://media.thomson.co.uk/asset/v01/349/360.jpg
1625650,1,,https://media.thomson.co.uk/asset/v01/349/334.jpg
1625650,2,,https://media.thomson.co.uk/asset/v01/349/340.jpg
1625653,1,,https://media.thomson.co.uk/asset/v01/349/376.jpg
1625653,2,,https://media.thomson.co.uk/asset/v01/349/378.jpg
1625656,1,,https://media.thomson.co.uk/asset/v01/349/372.jpg
1625656,2,,https://media.thomson.co.uk/asset/v01/349/374.jpg
1505470,1,,https://media.thomson.co.uk/asset/v01/331/715.jpg
1505470,2,,https://media.thomson.co.uk/asset/v01/331/755.jpg
1505473,1,,https://media.thomson.co.uk/asset/v01/331/737.jpg
1505476,1,,https://media.thomson.co.uk/asset/v01/331/757.jpg
1505479,1,,https://media.thomson.co.uk/asset/v01/331/715.jpg
1505482,1,,https://media.thomson.co.uk/asset/v01/331/757.jpg
1505485,1,,https://media.thomson.co.uk/asset/v01/331/731.jpg
1505488,1,,https://media.thomson.co.uk/asset/v01/331/733.jpg
1505491,1,,https://media.thomson.co.uk/asset/v01/331/721.jpg
1505491,2,,https://media.thomson.co.uk/asset/v01/331/751.jpg
1505491,3,,https://media.thomson.co.uk/asset/v01/331/749.jpg
1505491,4,,https://media.thomson.co.uk/asset/v01/331/747.jpg
1505494,1,,https://media.thomson.co.uk/asset/v01/331/743.jpg
1625659,1,,https://media.thomson.co.uk/asset/v01/331/715.jpg
1625662,1,,https://media.thomson.co.uk/asset/v01/331/715.jpg
1625665,1,,https://media.thomson.co.uk/asset/v01/331/715.jpg
1625668,1,,https://media.thomson.co.uk/asset/v01/331/757.jpg
1625671,1,,https://media.thomson.co.uk/asset/v01/331/757.jpg
