ID,NAME
267385,Iconic Italia
267387,Adriatic Explorer
267389,Aegean Shores
267391,Aegean Meze
267393,Iconic Islands
172989,Spanish Sunsets
172991,Colourful Coasts
262471,Pride of Panama 
252203,Iberian Treasures
149709,Iberian Treasures
149711,Continental Coasts
149713,Spanish Escapes
149715,Colourful Coasts
149717,Canarian Flavours
149707,Spanish Sunsets
190681,Atlantic Discoveries
190683,Canarian Flavours
190685,Canarian Flavours
190687,Cuban Fusion
190689,Cuban Fusion
190691,Exotic Explorer
190693,Pride of Panama
190695,Tropical Discoveries
190697,Tropical Discoveries
301055,Cuban Fusion
301059,Cuban Fusion
301139,Colourful Coasts
258497,Spanish Sunsets
258507,Iberian Treasures
258517,Continental Coasts
307211,Canarian Flavours
307217,Canarian Flavours
307223,Cuban Fusion
307229,Exotic Explorer
307235,Pride of Panama
307265,Tropical Discoveries
307271,Tropical Discoveries
307277,Atlantic Discoveries
299599,Canarian Flavours
299605,Canarian Flavours
299609,Cuban Fusion
299615,Cuban Fusion
299619,Exotic Explorer
299625,Exotic Explorer
299629,Pride of Panama
299635,Pride of Panama
299679,Tropical Discoveries
299685,Tropical Discoveries
300133,Spanish Sunsets
300139,Spanish Sunsets
300145,Iberian Treasures
300151,Iberian Treasures
300157,Continental Coasts
300163,Continental Coasts
300169,Spanish Escapes
300175,Spanish Escapes
300181,Colourful Coasts
300185,Colourful Coasts
388155,Pride of Panama
388189,Tropical Discoveries
388191,Tropical Discoveries
388193,Tropical Discoveries
388195,Tropical Discoveries
388197,Tropical Discoveries
388199,Tropical Discoveries
388201,Tropical Discoveries
388203,Tropical Discoveries
388205,Atlantic Discoveries
388207,Atlantic Discoveries
388209,Atlantic Discoveries
388211,Atlantic Discoveries
285227,Colourful Coasts
299589,Canarian Flavours
299595,Canarian Flavours
373463,Tropical Discoveries
373473,Atlantic Discoveries
307685,Aegean Shores
307691,Adriatic Explorer
307697,Iconic Islands
307703,Aegean Meze
307709,Iconic Italia
299689,Tropical Discoveries
299695,Tropical Discoveries
299699,Atlantic Discoveries
299705,Atlantic Discoveries
307553,Spanish Sunsets
307561,Iberian Treasures
307569,Continental Coasts
307577,Spanish Escapes
307583,Colourful Coasts
301145,Colourful Coasts
308175,Cuban Fusion
308221,Colourful Coasts
389235,Cuban Fusion
389237,Cuban Fusion
389239,Cuban Fusion
389241,Cuban Fusion
389243,Pride of Panama 
389259,Spanish Sunsets
389261,Colourful Coasts
375747,Pride of Panama
388117,Canarian Flavours
388119,Canarian Flavours
388123,Canarian Flavours
388125,Canarian Flavours
388127,Canarian Flavours
388129,Canarian Flavours
388131,Canarian Flavours
388133,Cuban Fusion
388135,Cuban Fusion
388137,Cuban Fusion
388139,Cuban Fusion
388141,Exotic Explorer
388143,Exotic Explorer
388145,Exotic Explorer
388147,Exotic Explorer
388149,Pride of Panama
388151,Pride of Panama
388153,Pride of Panama
321887,Journey to Jamaica
321889,Pride of Panama
321891,Cuban Fusion
321893,Exotic Explorer
374735,Cuban Fusion
388487,Spanish Sunsets
388489,Spanish Sunsets
388491,Spanish Sunsets
388493,Spanish Sunsets
388495,Iberian Treasures
388497,Iberian Treasures
388499,Iberian Treasures
388501,Iberian Treasures
388503,Continental Coasts
388505,Continental Coasts
388507,Continental Coasts
388509,Continental Coasts
388511,Spanish Escapes
388513,Spanish Escapes
388515,Spanish Escapes
388517,Spanish Escapes
388519,Colourful Coasts
388521,Canarian Flavours
373841,Spanish Sunsets
373851,Iberian Treasures
373861,Continental Coasts
373871,Spanish Escapes
388637,Aegean Shores
388639,Aegean Shores
388641,Aegean Shores
388643,Aegean Shores
388645,Adriatic Explorer
388647,Adriatic Explorer
388649,Adriatic Explorer
388651,Adriatic Explorer
388653,Iconic Islands
388655,Iconic Islands
388657,Iconic Islands
388659,Iconic Islands
388661,Aegean Meze
388663,Aegean Meze
388665,Aegean Meze
388667,Aegean Meze
388669,Iconic Italia
388671,Iconic Italia
388673,Iconic Italia
388675,Iconic Italia
387731,Journey to Jamaica
387733,Journey to Jamaica
387735,Journey to Jamaica
389167,Pride of Panama
373363,Canarian Flavours
373373,Canarian Flavours
373383,Cuban Fusion
373393,Exotic Explorer
373403,Pride of Panama
373453,Tropical Discoveries
374031,Aegean Shores
374041,Adriatic Explorer
387621,Pride of Panama
387623,Pride of Panama
374051,Iconic Islands
387625,Pride of Panama
387627,Cuban Fusion
387629,Cuban Fusion
387631,Cuban Fusion
374061,Aegean Meze
387633,Exotic Explorer
387635,Exotic Explorer
387637,Exotic Explorer
374071,Iconic Italia
267445,Highlights of the Mediterranean
267447,Cosmopolitan Classics
267449,Magic of Spain
267451,Mediterranean Secrets
310547,Cosmopolitan Classics
310549,Magic of Spain
277227,Highlights of the Mediterranean
307715,Magic of Spain
307721,Cosmopolitan Classics
307727,Highlights of the Mediterranean
307733,Mediterranean Secrets
389263,Magic of Spain
389265,Cosmopolitan Classics
389267,Highlights of the Mediterranean
321873,Transatlantic Homecoming
321881,Transatlantic Homecoming
321895,Atlantic Adventure
321907,Paradise Islands
321911,Paradise Islands
321913,Seven Shores
321915,Seven Shores
321917,Tropical Delights
388677,Magic of Spain
388679,Magic of Spain
388681,Magic of Spain
388683,Magic of Spain
388685,Cosmopolitan Classics
388687,Cosmopolitan Classics
388689,Cosmopolitan Classics
388691,Cosmopolitan Classics
388693,Highlights of the Mediterranean
388695,Highlights of the Mediterranean
388697,Highlights of the Mediterranean
388699,Highlights of the Mediterranean
388701,Mediterranean Secrets
388703,Mediterranean Secrets
388705,Mediterranean Secrets
388707,Mediterranean Secrets
387737,Atlantic Adventure
387739,Atlantic Adventure
387741,Atlantic Adventure
387743,Transatlantic Homecoming
387745,Transatlantic Homecoming
387747,Transatlantic Homecoming
387749,Transatlantic Homecoming
389163,Paradise Islands
389165,Seven Shores
387603,Paradise Islands
387605,Paradise Islands
387607,Paradise Islands
387609,Tropical Delights
387611,Tropical Delights
387613,Tropical Delights
387615,Seven Shores
387617,Seven Shores
387619,Seven Shores
374081,Magic of Spain
374091,Cosmopolitan Classics
374101,Highlights of the Mediterranean
374111,Mediterranean Secrets
43069,Highlights of the Mediterranean
43073,Highlights of the Mediterranean
43075,Magic of Spain
47839,Tropical Escape
47841,Seven Shores
47843,Seven Shores
47847,Paradise Islands
47849,Paradise Islands
47851,Paradise Islands
47875,Tropical Delights
47877,Tropical Delights
47879,Tropical Sands and Sunsets
47881,Transatlantic Discovery 
42731,Mediterranean Secrets
42733,Magic of Spain
42735,Highlights of the Mediterranean
42727,Highlights of the Mediterranean
42729,Cosmopolitan Classics
71823,Highlights of the Mediterranean
71825,Magic of Spain
71839,Highlights of the Mediterranean
103933,Tropical Escape
103945,Highlights of the Mediterranean
103947,Highlights of the Mediterranean
103987,Seven Shores
103989,Seven Shores
42469,Highlights of the Mediterranean
42471,Cosmopolitan Classics
42473,Highlights of the Mediterranean
42475,Magic of Spain
43255,Highlights of the Mediterranean
43261,Magic of Spain
43733,Highlights of the Mediterranean
43735,Magic of Spain
43737,Cosmopolitan Classics
43739,Mediterranean Secrets
43749,Highlights of the Mediterranean
43805,Highlights of the Mediterranean
43807,Magic of Spain
43809,Cosmopolitan Classics
160123,Paradise Islands
160125,Paradise Islands
160127,Paradise Islands
66179,Paradise Islands
66181,Paradise Islands
120459,Highlights of the Mediterranean
120467,Magic of Spain
66107,Seven Shores
66177,Paradise Islands
120475,Cosmopolitan Classics
120483,Mediterranean Secrets
121087,Highlights of the Mediterranean
121095,Highlights of the Mediterranean
164205,Highlights of the Mediterranean
164215,Magic of Spain
71927,Seven Shores
71929,Paradise Islands
71931,Tropical Delights
71933,Tropical Sands and Sunsets
71935,Tropical Escape
71937,Transatlantic Discovery 
72033,Highlights of the Mediterranean
72035,Magic of Spain
164225,Cosmopolitan Classics
164235,Mediterranean Secrets
104181,Seven Shores
104183,Paradise Islands
104185,Tropical Delights
104187,Tropical Sands and Sunsets
104189,Transatlantic Discovery 
104225,Tropical Delights
104033,Highlights of the Mediterranean
104035,Magic of Spain
101677,Highlights of the Mediterranean
101685,Magic of Spain
165319,Highlights of the Mediterranean
163747,Paradise Islands
105819,Cosmopolitan Classics
105823,Cosmopolitan Classics
105829,Cosmopolitan Classics
105831,Cosmopolitan Classics
105833,Mediterranean Secrets
105837,Mediterranean Secrets
105843,Mediterranean Secrets
105845,Mediterranean Secrets
105847,Cosmopolitan Classics
105853,Cosmopolitan Classics
106095,Cosmopolitan Classics
106097,Cosmopolitan Classics
106099,Highlights of the Mediterranean
106101,Highlights of the Mediterranean
106103,Magic of Spain
106105,Mediterranean Secrets
258209,Magic of Spain
258213,Magic of Spain
258221,Mediterranean Secrets
258225,Mediterranean Secrets
125255,Tropical Sands and Sunsets
125761,Transatlantic Discovery 
125779,Magic of Spain
125781,Cosmopolitan Classics
125791,Paradise Islands
125793,Paradise Islands
125795,Paradise Islands
125797,Paradise Islands
125799,Paradise Islands
165577,Tropical Delights
120903,Tropical Escape
259179,Highlights of the Mediterranean
259183,Highlights of the Mediterranean
259187,Highlights of the Mediterranean
259191,Highlights of the Mediterranean
259199,Magic of Spain
259205,Magic of Spain
259207,Cosmopolitan Classics
259211,Cosmopolitan Classics
154747,Cosmopolitan Classics
257587,Highlights of the Mediterranean
257591,Highlights of the Mediterranean
257597,Magic of Spain
257601,Magic of Spain
257607,Cosmopolitan Classics
257611,Cosmopolitan Classics
124935,Seven Shores
257617,Mediterranean Secrets
257621,Mediterranean Secrets
124943,Paradise Islands
124951,Tropical Delights
267395,Hidden Treasures of Europe
267397,Hidden Treasures of Europe
267399,Baltic Discovery
267401,Wonders of the Fjords
267403,Baltic Explorer
267435,Baltic Treasures
267437,European Experience
267439,Seeking the Northern Lights
267433,Fantastic Fjords
267441,Southern Escape
267443,Electric Sunsets - The 80s Cruise Weekender
267467,Wonders of the Fjords
267469,Norways Midnight Sun
267471,Baltic Capitals
267473,Fire & Ice
267475,Magnificent Fjords
259431,Seven Shores
259435,Seven Shores
115407,Cosmopolitan Classics
165329,Highlights of the Mediterranean
165339,Highlights of the Mediterranean
165349,Highlights of the Mediterranean
165367,Magic of Spain
165385,Cosmopolitan Classics
258185,Highlights of the Mediterranean
258189,Highlights of the Mediterranean
165397,Cosmopolitan Classics
258197,Cosmopolitan Classics
165409,Mediterranean Secrets
258201,Cosmopolitan Classics
125067,Seven Shores
125071,Seven Shores
125099,Tropical Delights
262469,Paradise Islands
307951,Seven Shores
307955,Paradise Islands
307959,Tropical Delights
307963,Tropical Sands and Sunsets
307967,Tropical Escape
307971,Transatlantic Discovery 
165001,Seven Shores
165011,Paradise Islands
165021,Tropical Delights
165031,Tropical Sands and Sunsets
165041,Tropical Escape
165051,Transatlantic Discovery 
307373,Highlights of the Mediterranean
307379,Cosmopolitan Classics
307385,Magic of Spain
300711,Transatlantic Discovery 
190639,Paradise Islands
190641,Paradise Islands
190643,Paradise Islands
190671,Tropical Delights
190673,Tropical Delights
190675,Tropical Delights
190677,Tropical Horizons
190679,Tropical Sunsets
209045,Seven Isles
259335,Highlights of the Mediterranean
259337,Highlights of the Mediterranean
259347,Cosmopolitan Classics
259351,Cosmopolitan Classics
301089,Highlights of the Mediterranean
301093,Highlights of the Mediterranean
301099,Cosmopolitan Classics
301107,Cosmopolitan Classics
165509,Seven Shores
165525,Seven Shores
327989,Ancient Shores 1
327987,Ancient Shores 2
327991,Red Sea Odyssey 2
307193,Tropical Delights
307199,Paradise Islands
307205,Seven Isles
307253,Tropical Horizons
307259,Tropical Sunsets
258911,Tropical Delights
258915,Tropical Delights
258923,Tropical Sands and Sunsets
258927,Tropical Sands and Sunsets
258935,Tropical Escape
258939,Tropical Escape
258945,Transatlantic Discovery 
258949,Transatlantic Discovery 
299659,Tropical Horizons
299665,Tropical Horizons
299669,Tropical Sunsets
299675,Tropical Sunsets
258887,Seven Shores
258891,Seven Shores
258899,Paradise Islands
258903,Paradise Islands
259449,Seven Shores
259453,Paradise Islands
259469,Paradise Islands
259477,Paradise Islands
259481,Paradise Islands
259489,Paradise Islands
259491,Paradise Islands
259501,Paradise Islands
259505,Paradise Islands
259509,Paradise Islands
259441,Seven Shores
259517,Paradise Islands
259519,Tropical Delights
259523,Tropical Delights
388173,Tropical Horizons
388175,Tropical Horizons
388177,Tropical Horizons
388179,Tropical Horizons
388181,Tropical Sunsets
388183,Tropical Sunsets
388185,Tropical Sunsets
388187,Tropical Sunsets
299835,Highlights of the Mediterranean
299839,Highlights of the Mediterranean
299845,Cosmopolitan Classics
299849,Cosmopolitan Classics
299855,Magic of Spain
299859,Magic of Spain
299865,Mediterranean Secrets
299869,Mediterranean Secrets
300919,Highlights of the Mediterranean
300921,Highlights of the Mediterranean
300923,Highlights of the Mediterranean
300929,Magic of Spain
300933,Magic of Spain
300935,Cosmopolitan Classics
300937,Cosmopolitan Classics
307607,Baltic Discovery
307613,Wonders of the Fjords
307619,Norways Midnight Sun
307625,Baltic Capitals
307631,Fire & Ice
307637,Magnificent Fjords
307643,Baltic Explorer
307649,Fantastic Fjords
301021,Tropical Delights
301025,Tropical Delights
307655,Baltic Treasures
301029,Tropical Delights
301033,Tropical Delights
307661,European Experience
307667,Seeking the Northern Lights
307671,Hidden Treasures of Europe
301037,Paradise Islands
301041,Paradise Islands
388309,Highlights of the Mediterranean
388311,Cosmopolitan Classics
388313,Magic of Spain
388315,Mediterranean Secrets
299559,Tropical Delights
299565,Tropical Delights
299569,Paradise Islands
299575,Paradise Islands
299579,Seven Isles
299585,Seven Isles
299109,Highlights of the Mediterranean
299111,Highlights of the Mediterranean
299117,Magic of Spain
299119,Magic of Spain
299125,Cosmopolitan Classics
299127,Cosmopolitan Classics
299133,Mediterranean Secrets
299135,Mediterranean Secrets
308093,Highlights of the Mediterranean
308095,Highlights of the Mediterranean
308097,Magic of Spain
308101,Cosmopolitan Classics
307677,Hidden Treasures of Europe
301049,Paradise Islands
301053,Paradise Islands
306923,Highlights of the Mediterranean
306927,Magic of Spain
306931,Cosmopolitan Classics
306935,Mediterranean Secrets
335949,Eastern Sunsets 2
335951,Eastern Sunsets 1
335953,Secrets of Asia 2
335947,Journey to Arabia 1
300669,Seven Shores
300671,Seven Shores
300677,Paradise Islands
300679,Paradise Islands
300685,Tropical Delights
300687,Tropical Delights
300693,Tropical Sands and Sunsets
300695,Tropical Sands and Sunsets
300701,Tropical Escape
300703,Tropical Escape
300709,Transatlantic Discovery 
308247,Seven Shores
308251,Seven Shores
301177,Seven Shores
301179,Seven Shores
301181,Seven Shores
301183,Seven Shores
308255,Paradise Islands
308259,Paradise Islands
308261,Paradise Islands
301193,Paradise Islands
301195,Paradise Islands
308265,Paradise Islands
301201,Paradise Islands
301203,Paradise Islands
301209,Paradise Islands
301211,Paradise Islands
308273,Paradise Islands
301217,Paradise Islands
301219,Paradise Islands
301221,Paradise Islands
308277,Tropical Delights
301227,Paradise Islands
301233,Tropical Delights
301235,Tropical Delights
300913,Highlights of the Mediterranean
337923,Colours of the Far East 2
337925,Colours of the Far East 1
337927,Enchanting Far East 2
337929,Enchanting Far East 1
337931,Wonders of Asia 2
337933,Wonders of Asia 1
337935,Eastern Sunrise 2
337937,Eastern Sunrise 1
337939,Adventure to India 2
337941,Adventure to India 1
308157,Tropical Delights
308161,Tropical Delights
308165,Paradise Islands
308169,Paradise Islands
308197,Highlights of the Mediterranean
308203,Cosmopolitan Classics
307391,Mediterranean Secrets
333919,Heroes of the Mediterranean 
333947,Mesmerising Mediterranean 1
333949,Mesmerising Mediterranean 2
333951,Red Sea Voyage 1
333953,Red Sea Odyssey 1
333955,Red Sea Voyage 2
333957,Golden Cities and Sands 2
333959,Golden Cities and Sands 1
333961,Authentic Arabia 1
333963,Journey to Arabia 2
389223,Tropical Delights
389225,Tropical Delights
389227,Paradise Islands
389229,Paradise Islands
389231,Paradise Islands
389233,Paradise Islands
389251,Highlights of the Mediterranean
389253,Cosmopolitan Classics
389289,Seven Shores
389291,Seven Shores
389293,Paradise Islands
389295,Paradise Islands
389297,Paradise Islands
389299,Paradise Islands
389301,Paradise Islands
387451,Highlights of the Mediterranean
387453,Magic of Spain
387455,Cosmopolitan Classics
387457,Mediterranean Secrets
339909,Authentic Arabia 2
388093,Tropical Delights
388095,Tropical Delights
388097,Tropical Delights
388099,Tropical Delights
388101,Paradise Islands
388103,Paradise Islands
388105,Paradise Islands
388107,Paradise Islands
388109,Seven Isles
388111,Seven Isles
388113,Seven Isles
388115,Seven Isles
364507,Paradise Islands
337189,Secrets of Asia 1
387885,Journey to Arabia 2
387887,Journey to Arabia 2
387889,Journey to Arabia 2
387891,Golden Cities and Sands 1
387893,Golden Cities and Sands 1
387895,Golden Cities and Sands 1
387897,Golden Cities and Sands 2
387899,Golden Cities and Sands 2
387901,Golden Cities and Sands 2
387903,Red Sea Odyssey 1
387905,Red Sea Odyssey 1
387907,Red Sea Odyssey 1
387909,Red Sea Odyssey 2
387911,Red Sea Odyssey 2
387913,Red Sea Odyssey 2
387915,Ancient Shores 1
387917,Ancient Shores 1
387919,Ancient Shores 1
387921,Ancient Shores 2
387923,Ancient Shores 2
387925,Ancient Shores 2
387797,Red Sea Voyage 2
387799,Authentic Arabia 1
387801,Authentic Arabia 1
387803,Authentic Arabia 1
387805,Authentic Arabia 2
387807,Authentic Arabia 2
387809,Authentic Arabia 2
387811,Adventure to India 1
387813,Adventure to India 1
387815,Adventure to India 1
387817,Adventure to India 2
387819,Adventure to India 2
387821,Adventure to India 2
387823,Eastern Sunrise 1
387825,Eastern Sunrise 1
387827,Eastern Sunrise 1
387829,Eastern Sunrise 2
387831,Eastern Sunrise 2
387833,Eastern Sunrise 2
387835,Wonders of Asia 1
387837,Wonders of Asia 1
387839,Wonders of Asia 1
387841,Wonders of Asia 2
387843,Wonders of Asia 2
387845,Wonders of Asia 2
387855,Secrets of Asia 1
387857,Secrets of Asia 1
387859,Secrets of Asia 1
387861,Secrets of Asia 2
387863,Secrets of Asia 2
387865,Secrets of Asia 2
387867,Eastern Sunsets 1
387869,Eastern Sunsets 1
387871,Eastern Sunsets 1
387873,Eastern Sunsets 2
387875,Eastern Sunsets 2
387877,Eastern Sunsets 2
387879,Journey to Arabia 1
387881,Journey to Arabia 1
387883,Journey to Arabia 1
388531,Baltic Discovery
388533,Baltic Discovery
388535,Baltic Discovery
389303,Tropical Delights
388537,Baltic Discovery
388539,Wonders of the Fjords
388541,Wonders of the Fjords
388543,Wonders of the Fjords
388545,Wonders of the Fjords
388547,Norways Midnight Sun
388549,Norways Midnight Sun
388551,Norways Midnight Sun
388553,Norways Midnight Sun
388555,Baltic Capitals
388557,Baltic Capitals
388559,Baltic Capitals
388561,Baltic Capitals
388563,Fire & Ice
388565,Fire & Ice
388567,Fire & Ice
388569,Fire & Ice
388571,Magnificent Fjords
388573,Magnificent Fjords
388575,Magnificent Fjords
388577,Magnificent Fjords
388579,Baltic Explorer
388581,Baltic Explorer
388583,Baltic Explorer
388585,Baltic Explorer
388587,Fantastic Fjords
388589,Fantastic Fjords
388591,Fantastic Fjords
388593,Fantastic Fjords
388595,Baltic Treasures
388597,Baltic Treasures
373901,Baltic Discovery
388599,Baltic Treasures
388601,Baltic Treasures
388603,European Experience
388605,European Experience
373911,Wonders of the Fjords
388607,European Experience
388609,European Experience
388611,Seeking the Northern Lights
388613,Seeking the Northern Lights
388615,Seeking the Northern Lights
388617,Seeking the Northern Lights
388619,Hidden Treasures of Europe
388621,Hidden Treasures of Europe
388623,Hidden Treasures of Europe
388625,Hidden Treasures of Europe
373921,Norways Midnight Sun
388627,Hidden Treasures of Europe
388629,Electric Sunsets - The 80s Cruise Weekender
388631,Electric Sunsets - The 80s Cruise Weekender
388633,Electric Sunsets - The 80s Cruise Weekender
388635,Southern Escape
373931,Baltic Capitals
373941,Fire & Ice
373951,Magnificent Fjords
387699,Enchanting Far East 1
387701,Enchanting Far East 1
387703,Enchanting Far East 1
387705,Enchanting Far East 2
387707,Enchanting Far East 2
387709,Enchanting Far East 2
387711,Colours of the Far East 1
387713,Colours of the Far East 1
387715,Colours of the Far East 1
387717,Colours of the Far East 2
387719,Colours of the Far East 2
387721,Colours of the Far East 2
387769,Heroes of the Mediterranean 
387771,Heroes of the Mediterranean 
387773,Heroes of the Mediterranean 
387775,Mesmerising Mediterranean 1
387777,Mesmerising Mediterranean 1
387779,Mesmerising Mediterranean 1
387781,Mesmerising Mediterranean 2
387783,Mesmerising Mediterranean 2
387785,Mesmerising Mediterranean 2
387787,Red Sea Voyage 1
387789,Red Sea Voyage 1
387791,Red Sea Voyage 1
387793,Red Sea Voyage 2
387795,Red Sea Voyage 2
388981,Paradise Islands
388983,Tropical Delights
388985,Tropical Sands and Sunsets
388987,Tropical Escape
388989,Transatlantic Discovery 
388979,Seven Shores
389129,Highlights of the Mediterranean
389131,Highlights of the Mediterranean
389133,Magic of Spain
389135,Cosmopolitan Classics
389137,Cosmopolitan Classics
373961,Baltic Explorer
373971,Fantastic Fjords
373981,Baltic Treasures
373991,European Experience
374001,Seeking the Northern Lights
373333,Tropical Delights
388791,Wonders of the Fjords
373343,Paradise Islands
373353,Seven Isles
373433,Tropical Horizons
373443,Tropical Sunsets
374013,Hidden Treasures of Europe
