SHIP_ID,SEQ,CAPTION,URL
150013,1,,https://media.thomson.co.uk/asset/lpp/v01/383/518.jpg
150013,2,47&#176;,https://media.thomson.co.uk/asset/lpp/v01/349/134.jpg
150013,3,Main Pool,https://media.thomson.co.uk/asset/lpp/v01/208/956.jpg
150013,4,The Veranda,https://media.thomson.co.uk/asset/lpp/v01/280/520.jpg
150013,5,The Coffee Port,https://media.thomson.co.uk/asset/lpp/v01/349/038.jpg
150013,6,,https://media.thomson.co.uk/asset/lpp/v01/349/024.jpg
150013,7,The Coffee Port,https://media.thomson.co.uk/asset/lpp/v01/349/034.jpg
150013,8,The Veranda,https://media.thomson.co.uk/asset/lpp/v01/280/390.jpg
150013,9,47&#176;,https://media.thomson.co.uk/asset/lpp/v01/349/132.jpg
150013,10,Bar Eleven,https://media.thomson.co.uk/asset/lpp/v01/349/054.jpg
150013,11,The Atrium,https://media.thomson.co.uk/asset/lpp/v01/349/036.jpg
150013,12,The Coffee Port,https://media.thomson.co.uk/asset/lpp/v01/349/040.jpg
150013,13,Reception,https://media.thomson.co.uk/asset/lpp/v01/349/166.jpg
150013,14,The Live Room,https://media.thomson.co.uk/asset/lpp/v01/349/026.jpg
150013,15,Live Casino,https://media.thomson.co.uk/asset/lpp/v01/349/030.jpg
150013,16,Snack Shack,https://media.thomson.co.uk/asset/lpp/v01/349/104.jpg
150013,17,The Hide Out,https://media.thomson.co.uk/asset/lpp/v01/349/178.jpg
150013,18,Oceans Spa and Beauty,https://media.thomson.co.uk/asset/lpp/v01/285/034.jpg
150013,19,Indoor Pool,https://media.thomson.co.uk/asset/lpp/v01/349/186.jpg
150013,20,Indoor Pool,https://media.thomson.co.uk/asset/lpp/v01/349/188.jpg
150013,21,Mini Golf,https://media.thomson.co.uk/asset/lpp/v01/278/056.jpg
150013,22,The Wall,https://media.thomson.co.uk/asset/lpp/v01/280/502.jpg
150013,23,Gamer Zone,https://media.thomson.co.uk/asset/lpp/v01/349/184.jpg
150013,24,,https://media.thomson.co.uk/asset/lpp/v01/349/260.jpg
150013,25,Babytainment,https://media.thomson.co.uk/asset/lpp/v01/015/846.jpg
150013,26,Virtual Reality Experience,https://media.thomson.co.uk/asset/lpp/v01/347/757.jpg
150013,27,Green Screen Experience,https://media.thomson.co.uk/asset/lpp/v01/347/759.jpg
150013,28,Navigate App,https://media.thomson.co.uk/asset/lpp/v01/349/028.jpg
150013,36,,https://media.thomson.co.uk/asset/lpp/v01/388/217.jpg
150013,37,,https://media.thomson.co.uk/asset/lpp/v01/388/206.jpg
150014,1,,https://media.thomson.co.uk/asset/v01/389/207.gif
150014,1,,https://media.thomson.co.uk/asset/lpp/v01/383/497.jpg
150014,2,Deck 14,https://media.thomson.co.uk/asset/v01/389/212.gif
150014,2,The Mediterranean,https://media.thomson.co.uk/asset/lpp/v01/331/701.jpg
150014,3,Scoops,https://media.thomson.co.uk/asset/lpp/v01/331/695.jpg
150014,4,Indigo Bar,https://media.thomson.co.uk/asset/lpp/v01/331/705.jpg
150014,5,The Lounge,https://media.thomson.co.uk/asset/lpp/v01/331/699.jpg
150014,6,Aperitif,https://media.thomson.co.uk/asset/lpp/v01/331/697.jpg
150014,7,Indigo Bar,https://media.thomson.co.uk/asset/lpp/v01/331/703.jpg
150014,8,The Lounge,https://media.thomson.co.uk/asset/lpp/v01/331/711.jpg
150014,9,Latitude 53,https://media.thomson.co.uk/asset/lpp/v01/331/713.jpg
150014,10,Inside cabin,https://media.thomson.co.uk/asset/lpp/v01/331/715.jpg
150014,11,Spa,https://media.thomson.co.uk/asset/lpp/v01/331/717.jpg
150014,12,Spa,https://media.thomson.co.uk/asset/lpp/v01/331/719.jpg
150014,13,Executive suite,https://media.thomson.co.uk/asset/lpp/v01/331/721.jpg
150014,14,Spa,https://media.thomson.co.uk/asset/lpp/v01/331/725.jpg
150014,15,Balcony cabin,https://media.thomson.co.uk/asset/lpp/v01/331/727.jpg
150014,16,Inside cabin,https://media.thomson.co.uk/asset/lpp/v01/331/729.jpg
150014,17,Balcony cabin - large balcony,https://media.thomson.co.uk/asset/lpp/v01/331/731.jpg
150014,18,Family cabin,https://media.thomson.co.uk/asset/lpp/v01/331/733.jpg
150014,20,Balcony cabin,https://media.thomson.co.uk/asset/lpp/v01/331/737.jpg
150014,21,The Dining Club,https://media.thomson.co.uk/asset/lpp/v01/331/739.jpg
150014,22,Deck bar,https://media.thomson.co.uk/asset/lpp/v01/331/741.jpg
150014,23,Junior suite,https://media.thomson.co.uk/asset/lpp/v01/331/743.jpg
150014,25,Executive suite,https://media.thomson.co.uk/asset/lpp/v01/331/747.jpg
150014,26,Executive suite,https://media.thomson.co.uk/asset/lpp/v01/331/749.jpg
150014,27,Executive suite,https://media.thomson.co.uk/asset/lpp/v01/331/751.jpg
150014,28,Sauna,https://media.thomson.co.uk/asset/lpp/v01/331/753.jpg
150014,29,Inside cabin,https://media.thomson.co.uk/asset/lpp/v01/331/755.jpg
150014,30,Outside cabin,https://media.thomson.co.uk/asset/lpp/v01/331/757.jpg
150014,31,The Lounge,https://media.thomson.co.uk/asset/lpp/v01/331/707.jpg
150014,32,Image shown for illustrative purposes,https://media.thomson.co.uk/asset/lpp/v01/111/834.jpg
150014,33,,https://media.thomson.co.uk/asset/lpp/v01/280/558.jpg
150014,37,,https://media.thomson.co.uk/asset/lpp/v01/285/062.jpg
150014,38,The Coffee Port,https://media.thomson.co.uk/asset/lpp/v01/280/452.jpg
150014,39,Pool,https://media.thomson.co.uk/asset/lpp/v01/337/727.jpg
150014,40,Pool,https://media.thomson.co.uk/asset/lpp/v01/337/729.jpg
150014,41,,https://media.thomson.co.uk/asset/lpp/v01/388/217.jpg
150012,1,,https://media.thomson.co.uk/asset/lpp/v01/383/540.jpg
150012,2,,https://media.thomson.co.uk/asset/lpp/v01/285/048.jpg
150012,3,Surf &amp; Turf Steakhouse,https://media.thomson.co.uk/asset/lpp/v01/280/878.jpg
150012,4,,https://media.thomson.co.uk/asset/lpp/v01/280/840.jpg
150012,5,Live Casino,https://media.thomson.co.uk/asset/lpp/v01/284/430.jpg
150012,6,Marella Discovery,https://media.thomson.co.uk/asset/lpp/v01/280/396.jpg
150012,7,Snack Shack,https://media.thomson.co.uk/asset/lpp/v01/280/368.jpg
150012,8,Atrium,https://media.thomson.co.uk/asset/lpp/v01/280/632.jpg
150012,9,Live Room,https://media.thomson.co.uk/asset/lpp/v01/280/562.jpg
150012,10,,https://media.thomson.co.uk/asset/lpp/v01/349/166.jpg
150012,11,,https://media.thomson.co.uk/asset/lpp/v01/280/834.jpg
150012,12,The Coffee Port,https://media.thomson.co.uk/asset/lpp/v01/280/460.jpg
150012,14,Indoor Pool,https://media.thomson.co.uk/asset/lpp/v01/280/560.jpg
150012,15,Babytainment,https://media.thomson.co.uk/asset/lpp/v01/015/816.jpg
150012,16,Kora La,https://media.thomson.co.uk/asset/lpp/v01/280/496.jpg
150012,17,,https://media.thomson.co.uk/asset/lpp/v01/280/732.jpg
150012,18,The Veranda,https://media.thomson.co.uk/asset/lpp/v01/280/520.jpg
150012,19,Broadway Show Lounge,https://media.thomson.co.uk/asset/lpp/v01/280/598.jpg
150012,20,Atrium Bar,https://media.thomson.co.uk/asset/lpp/v01/280/636.jpg
150012,21,,https://media.thomson.co.uk/asset/lpp/v01/280/830.jpg
150012,22,The Coffee Port,https://media.thomson.co.uk/asset/lpp/v01/280/450.jpg
150012,23,Destination Services,https://media.thomson.co.uk/asset/lpp/v01/280/516.jpg
150012,24,Junior Suite,https://media.thomson.co.uk/asset/lpp/v01/320/402.jpg
150012,25,Oceans Spa and Beauty Salon,https://media.thomson.co.uk/asset/lpp/v01/280/454.jpg
150012,26,Minigolf,https://media.thomson.co.uk/asset/lpp/v01/278/056.jpg
150012,27,Atrium Bar,https://media.thomson.co.uk/asset/lpp/v01/280/508.jpg
150012,28,Broad Street Shops,https://media.thomson.co.uk/asset/lpp/v01/280/642.jpg
150012,29,47&#176;,https://media.thomson.co.uk/asset/lpp/v01/280/478.jpg
150012,30,Kora La,https://media.thomson.co.uk/asset/lpp/v01/280/858.jpg
150012,31,Oceans Spa and Beauty Salon,https://media.thomson.co.uk/asset/lpp/v01/280/522.jpg
150012,32,Baby Centre,https://media.thomson.co.uk/asset/lpp/v01/278/062.jpg
150012,33,Indoor Pool,https://media.thomson.co.uk/asset/lpp/v01/280/366.jpg
150012,34,Gallery 47&#176;,https://media.thomson.co.uk/asset/lpp/v01/280/818.jpg
150012,35,venue,https://media.thomson.co.uk/asset/lpp/v01/280/462.jpg
150012,36,venue,https://media.thomson.co.uk/asset/lpp/v01/280/466.jpg
150012,39,The Wall,https://media.thomson.co.uk/asset/lpp/v01/280/502.jpg
150012,40,The Veranda,https://media.thomson.co.uk/asset/lpp/v01/280/390.jpg
150012,41,Pure Portrait Studio,https://media.thomson.co.uk/asset/lpp/v01/280/612.jpg
150012,42,Venue,https://media.thomson.co.uk/asset/lpp/v01/280/838.jpg
